model,MAE,RMSE,MAPE,R2
LinearRegression,0.07941306398853203,0.09940999710757932,0.16530711627575545,0.9999996332341277
RandomForest,42.32924941495156,55.91359724918078,81.3273410075126,0.8839717711004651
GradientBoosting,29.348432260130416,38.57261129035489,47.827171315605625,0.9447812111400221
XGBoost,36.95811264354512,47.3764830960448,88.94813058694407,0.9166981910608405
