{
  "timestamp": "2026-06-11T10:58:50.363064",
  "best_model": "LinearRegression",
  "results": {
    "LinearRegression": {
      "MAE": 0.07941306398853203,
      "RMSE": 0.09940999710757932,
      "MAPE": 0.16530711627575545,
      "R2": 0.9999996332341277
    },
    "RandomForest": {
      "MAE": 42.32924941495156,
      "RMSE": 55.91359724918078,
      "MAPE": 81.3273410075126,
      "R2": 0.8839717711004651
    },
    "GradientBoosting": {
      "MAE": 29.348432260130416,
      "RMSE": 38.57261129035489,
      "MAPE": 47.827171315605625,
      "R2": 0.9447812111400221
    },
    "XGBoost": {
      "MAE": 36.95811264354512,
      "RMSE": 47.3764830960448,
      "MAPE": 88.94813058694407,
      "R2": 0.9166981910608405
    }
  }
}